,song_title,l_link,lyrics,artist_name
0,Alligator,https://www.lyrics.com//lyric/36182049/Of+Monsters+and+Men/Alligator,"Hey Hey  I see color raining down Feral feeling, swaying sound But I don't know what you want I am open and I am restless Let me feel it out Let it all come out  Wake me up, I'm fever dreaming And now I lose control, I'm fever dreaming Shake it out, it's just what I'm feeling And now I take control, I'm fever dreaming (I'm fever-dreaming)  Oh-so quiet, when they laid me in the stream And the star-lit sky grew before my eyes Twenty-two women stood by the banks And cried, oh I  Wake me up, I'm fever dreaming And now I lose control, I'm fever dreaming Shake it out, it's just what I'm feeling And now I take control, I'm fever dreaming (I'm fever dreaming) I must be fever dreaming (I'm fever dreaming)",Of Monsters and Men
2,Ahay,https://www.lyrics.com//lyric/36406257/Of+Monsters+and+Men/Ahay,"I know that I'm wrong And now we're both sitting in silence But if it's alright I'll wrap myself around your cold shoulder  You think you know me But do you really? Something you do Something you say Oh, we don't talk about it You think you know me But do you really? There's something 'bout you Something 'bout you  (We don't talk about it)  A bull without horns Said nothing, so how come I'm blushing? And though you are warm The cold lingers on the tip of your fingers  You think you know me But do you really? Something you do Something you say Oh, we don't talk about it You think you know me But do you really? There's something 'bout you Something 'bout you  You couldn't change this mountain You've got me chasing the sound but I just hear fractions You couldn't change this mountain You've got me facing the sun but I just need direction  You think you know me But do you really? Something you do Something you say Oh, we don't talk about it You think you know me But do you really? There's something 'bout you Something 'bout you  (We don't talk about it)",Of Monsters and Men
3,Róróró,https://www.lyrics.com//lyric/36406262/Of+Monsters+and+Men/R%C3%B3r%C3%B3r%C3%B3,"I am up with the sunrise I'm tired and I think I want to go home So let's go and get started Do you hear me calling, crying out When I run up to the house Catch me if you think you can  Oh, what a shame because I know With open arms then I could hold it all Oh, what a shame that I row To the edges so that I can fall off No one's to blame but I know With open arms that I could keep you close Oh, what a shame that I row To the edges so that I can fall off  I could be centered and in place In a field full of poppies I could dream you all away But I know that I've got to get running Do you hear that roaring, pulsing sound When I run up to the house You can follow if you dare  Oh, what a shame because I know With open arms then I could hold it all Oh, what a shame that I row To the edges so that I can fall off No one's to blame and I know it With open arms then I could keep you close Oh, what a shame that I row To the edges so that I can fall off  But I'm not But I'm not ready for this But I'm not No I'm not ready for this  Do you want it? Do you want it to be true? But I'm not No I'm not ready for this (oh what a shame) Do you need it? Do you need it to be true? But I'm not No I'm not ready for this (oh what a shame)  Do you want it? Do you want it to be true? But I'm not No I'm not ready for this (oh what a shame) Do you need it? Do you need it to be true? But I'm not No I'm not ready for this",Of Monsters and Men
4,Waiting for the Snow,https://www.lyrics.com//lyric/36406261/Of+Monsters+and+Men/Waiting+for+the+Snow,"I'm waiting for the snow I'm waiting for vision So I can feel brighter I can feel lighter  I used to make mountains But then they grew bigger than me I thought that I'd climb my way up high But what if I tumble?  If I said too much, did I love too hard? This steel can't carry me, now that things are wrong  I used to make mountains But then they grew bigger than me And I used to hunger So what can you offer me (What can you offer me) What can you offer me When you are all symphony What can you offer me  If I said too much, did I love too hard? This steel can't carry me, now that things are wrong If I said too much, did I love too hard? This steel can't carry me, now that things are wrong (So what can you offer me?) Now, what can you offer me? (So what can you offer?) Now, what can you offer me? (Wherever you are) This steel can't carry me (Wherever you are) And you can't carry me, carry me",Of Monsters and Men
5,"Vulture, Vulture",https://www.lyrics.com//lyric/36406260/Of+Monsters+and+Men/Vulture%2C+Vulture,"He lives in the darkness, he's calling my name He's keeping me up, keeping me up I'm wide awake He feeds on my ego, he swallows my pain So figure it out, figure it out Stay awake  This is all I know And I can feel it grow I'm restless, oh I'm restless It's hard for me to breathe When all I do is feel so heartless Am I heartless  Can I keep it up Still got that feeling I don't know about these heavy hands Well, maybe they can pull me up Still got that feeling I don't know about these heavy hands 'Cause lately I feel like a desert island  And I had a vision of pillars of sand It's keeping me up, keeping me up And I bend Break me in two so we can both dance We'll figure it out, figure it out Hand in hand  This is all I know And I can feel it grow I'm restless, oh I'm restless It's hard for me to breathe When all I do is feel so heartless Am I heartless  Can I keep it up Still got that feeling I don't know about these heavy hands Well maybe they can pull me up Still got that feeling I don't know about these heavy hands 'Cause lately I feel like a desert island Still got that feeling Yeah, lately I feel like a desert island Still got that feeling  I don't know about these heavy hands Well maybe they can pull me up Still got that feeling I don't know about these heavy hands 'Cause lately I feel like a desert island",Of Monsters and Men
6,Wild Roses,https://www.lyrics.com//lyric/36406259/Of+Monsters+and+Men/Wild+Roses,"Wild roses on a bed of leaves in the month of May I think I wrote my own pain Oh, don't you?  Down by the creek, I couldn't sleep so I followed a feeling Sounds like the vines, they are breathing (Oh it sounds like, it sounds like, it sounds like, it sounds, oh)  And I've seen the way the seasons change when I just give it time But I feel out of my mind all the time In the night I'm wild eyed, and you got me now  Oh roses, they don't mean a thing you don't understand But why don't we full on pretend? Oh, won't you? Before I closed my eyes I saw a moth in the sky And I wish I could fly that high Oh, don't you?  A serpent on a bed of leaves in the month of May What do you want me to say? (Oh it sounds like, it sounds like, it sounds like, it sounds, oh) You keep me still when all I feel is an endless direction When I think I'm losing connection I see you  In the night I'm wild eyed, and you got me now Dim the lights, we're wild eyed, and you got me now  Oh roses, they don't mean a thing you don't understand But why don't we full on pretend? Oh, won't you? Before I closed my eyes I saw a moth in the sky And I wish I could fly that high Oh, don't you? Oh, don't you? Oh, don't you?  In the night, we're wild eyed, and you got me now Dim the lights, we're wild eyed, and you got me now  In the night, I'm wild eyed, and you got me now",Of Monsters and Men
7,Stuck in Gravity,https://www.lyrics.com//lyric/36406263/Of+Monsters+and+Men/Stuck+in+Gravity,"I'm stuck in gravity I'm far from where I wanna be I'm like a raindrop in the ocean I get lost in my delusional reality  I don't know up from down Or when my feet are on the ground I've been around for thirty years It's kinda hard to think about your own mortality  And this high, high love That you give to me Is all I'm missing It's all I'm missing Yeah, this high, high love That you give to me Is dripping down my hands like honey It's all I'm missing  I'm stuck in gravity I'm clawing for some bravery Try to be still in a moment And I'm hoping for a never ending odyssey  I don't know high from low Or when I should be letting go It's like I'm anchored to the floor And I need more, I need stars like the colony  And this high, high love That you give to me Is all I'm missing It's all I'm missing Yeah, this high, high love That you give to me Is dripping down my hands like honey It's all I'm missing  You give me something good Just give me something good  Staring out the window Looking at the rainfall Hoping for a starlight Hands still an animal Staring out the window Looking at the rainfall Hoping for a starlight Hands still an animal Staring out the window Looking at the rainfall Hoping for a starlight Hands still an animal Staring out the window Looking at the rainfall Hoping for a starlight Hands still an animal Hands still an animal",Of Monsters and Men
8,Sleepwalker,https://www.lyrics.com//lyric/36406265/Of+Monsters+and+Men/Sleepwalker,"I start a war, no time to think about it It might blow over soon I start a war, no way to get around it It might blow over soon  You make me feel like a ghost Walking around and talking in my sleep Talking in my  Sleepwalking in Mexico, the lights are out I still dream in indigo when you're around (ah, ah) Sleepwalking in Mexico, the lights are out I still dream in indigo when you're around (ah, ah) (Ah ah, ah ah) I still dream in indigo when you're around (ah, ah)  Three paper moons I know the color's fading It might get colder soon  This neighborhood Feels like it's always changing It might get colder soon  You make me feel like a ghost Walking around, talking in my sleep You make me feel like I'm lost Up in the clouds, talking in my sleep I'm talking in my  Sleepwalking in Mexico, the lights are out I still dream in indigo when you're around (ah, ah) Sleepwalking in Mexico, the lights are out I still dream in indigo when you're around (ah, ah)  I start a war (ah, ah) No time to think about it (ah, ah) I still dream in indigo when lights are out (ah, ah) I start a war (ah, ah) No way to get around it (ah, ah) I still dream in indigo when lights are out (ah, ah)",Of Monsters and Men
9,Wars,https://www.lyrics.com//lyric/36406264/Of+Monsters+and+Men/Wars,"How does it feel To lie alone in your bed When you know this is forever  Low like the sun Come down and break into two And I know we'll burn together  Yeah, I love you on the weekends But I'm careless and I'm wicked Yeah, I love you on the weekends It's a cruel war  I still have pieces of you stuck on me Pieces of you stuck on me Yeah, I love you on the weekends It's a cruel war  Cold but you glow Like the streets of Tokyo It's alright, we can stay lost here forever  Sinking stones, we don't know What lies on the riverbed So we fall, no control No this can't be over yet  Yeah, I love you on the weekends But I'm careless and I'm wicked Yeah, I love you on the weekends It's a cruel war  I still have pieces of you stuck on me Pieces of you stuck on me Yeah, I love you on the weekends It's a cruel war  We try to laugh about it, like it's OK (That's how it's supposed to be) We try to laugh about it, like it's OK It's heavy, is that how it's supposed to be?  Yeah, I love you on the weekends (love you on the weekends) But I'm careless and I'm wicked (careless and I'm wicked) Yeah, I love you on the weekends It's a cruel war  I still have pieces of you stuck on me (love you on the weekends) Pieces of you stuck on me (careless and I'm wicked) Yeah, I love you on the weekends It's a cruel war",Of Monsters and Men
10,Under a Dome,https://www.lyrics.com//lyric/36406256/Of+Monsters+and+Men/Under+a+Dome,"Under a dome While we wait for it We feel all of it Wait Looking back on it  Under a dome Where I met you first F*ck the way we were Wait Watch the color burst  Under a dome (under a dome) In a foreign place Heard you call my name Stay Watch the tide roll in  Under a dome (under a dome) Where I met you first F*ck the way we were Wait Watch the color burst  I'm taking over my own throne I'm holding my heart and it's overgrown I'm kicking out, I'm full of life So why should I cry over northern lights And it's over now and I'm falling (and I'm falling) And I'm falling (and I'm falling) (And I'm falling) So f*ck all the times that I've fallen (And I'm falling) Creature, you're part of this loving game But it's over now and I'm falling (And I'm falling) (And I'm falling)",Of Monsters and Men
11,Soothsayer,https://www.lyrics.com//lyric/36406255/Of+Monsters+and+Men/Soothsayer,"Cool it down The mind is a riddle you cannot solve Cool it down The body's a landscape of wildflower  Stay here, stay here Stay here, I want you And I know this can't be wasted love Stay here, I want you  Stay here, stay here Stay here, I need you Please don't tell me that it's wasted love Stay here, I need you  Sleep, I know You haven't been dreaming, you overflow And I still feel you around You've become a tempo that my heart knows  Stay here, stay here Stay here, I want you And I know this can't be wasted love Stay here, I want you  Stay here, stay here Stay here, I need you Please don't tell me that it's wasted love Stay here, I need you  Will you see me, love Who am I in your temple  Will you see me, love Who am I in your temple  Stay here, stay here Will you see me, love Who am I in your temple Stay here, I want you  Stay here, stay here Will you see me, love Who am I in your temple Stay here, I need you",Of Monsters and Men
13,Crystals,https://www.lyrics.com//lyric/31895733/Of+Monsters+and+Men/Crystals,"Lost in skies of powdered gold Caught in clouds of silver ropes Showered by the empty hopes As I tumble down, falling fast to the ground  I know I'll wither so peel away the bark 'Cause nothing grows when it is dark In spite of all my fears, I can see it all so clear I see it all so clear  Cover your crystal eyes And feel the tones that tremble down your spine Cover your crystal eyes And let your colours bleed and blend with mine  Making waves in pitch black sand Feel the salt dance on my hands Raw and charcoal coloured thighs feel so cold And my skin feels so paper-thin  I know I'll wither so peel away the bark 'Cause nothing grows when it is dark In spite of all my fears, I can see it all so clear I see it all so clear  Cover your crystal eyes And feel the tones that tremble down your spine Cover your crystal eyes And let your colours bleed and blend with mine  But I'm okay in see-through skin I forgive what is within 'Cause I'm in this house I'm in this home All my time  Cover your crystal eyes And feel the tones that tremble down your spine Cover your crystal eyes And let your colours bleed and blend with mine",Of Monsters and Men
14,Human,https://www.lyrics.com//lyric/31895732/Of+Monsters+and+Men/Human,"When the words Weigh heavy on the heart I am lost And lead only by the stars  Cage me like an animal A crown with gems and gold Eat me like a cannibal Chasing the neon throne  Breathe in, breathe out Let the human in Breathe in, breathe out And let it in Plants awoke And they slowly grow Beneath the skin So breathe in, breathe out Let the human in  The air is silk Shadows form a grill If I lose control I feed the beast within  Cage me like an animal A crown with gems and gold Eat me like a cannibal Chase the neon throne  Breathe in, breathe out Let the human in Breathe in, breathe out And let it in Plants awoke And they slowly grow Beneath the skin So breathe in, breathe out Let the human in  Cage me like an animal A crown with gems and gold Eat me like a cannibal Chase the neon throne  If I could only let go",Of Monsters and Men
15,Hunger,https://www.lyrics.com//lyric/31895731/Of+Monsters+and+Men/Hunger,"You are right, I'll move on But my lungs feel so small I couldn't breathe if I tried I lay my head on the floor My beating heart wanted more But I'll keep it in and keep you out  I'm drowning, I'm drowning I'm drowning, I'm drowning  But for the longest time I knew There was nothing left for us to do But I tried, oh, I try And in this quiet company There is nothing staring back at me I'm in need of the sound  Hungry for the kill, but this hunger, it isn't you Voices disappear when you are speaking, in sombre tunes I will be the wolf and when you're starving, you'll need it too Hungry for the kill, but this hunger, it isn't you It isn't you, it isn't  I grew tall to fill the void Let me go 'cause you are just a shade Of what I am, not what I'll be But in this quiet company I forget sometimes just how to breathe Fill my lungs with the sound  Hungry for the kill, but this hunger, it isn't you Voices disappear when you are speaking, in sombre tunes I will be the wolf and when you're starving, you'll need it too Hungry for the kill, but this hunger, it isn't you It isn't you, it isn't  I'm drowning, I'm drowning I'm drowning, I'm drowning I'm drowning, I'm drowning I'm drowning, I'm drowning I'm drowning, I'm drowning",Of Monsters and Men
16,Wolves Without Teeth,https://www.lyrics.com//lyric/31895730/Of+Monsters+and+Men/Wolves+Without+Teeth,"Open my chest and colour my spine I'm giving you all I'm giving you all Swallow my breath And take what is mine I'm giving you all I'm giving you all  I'll be the blood If you'll be the bones I'm giving you all I'm giving you all So lift up my body And lose all control I'm giving you all I'm giving you all  You hover like a hummingbird Haunt me in my sleep You'll sailing from another world Sinking in my sea, oh You're feeding on my energy I'm letting go of it She wants it  And I run from wolves, ooh Breathing heavily At my feet And I run from wolves, ooh Tearing into me Without teeth  I can see through you We are the same It's perfectly strange You run in my veins How can I keep you Inside my lungs I breathe what is yours You breathe what is mine  You hover like a hummingbird Haunt me in my sleep You'll sailing from another world Sinking in my sea, oh You're feeding on my energy I'm letting go of it He wants it  And I run from wolves, ooh Breathing heavily At my feet And I run from wolves, ooh Tearing into me Without teeth  And you can follow You can follow me You can follow You can follow me  You hover like a hummingbird Haunt me in my sleep You're sailing from another world Sinking in my sea, oh ""You're feeding on my energy I'm letting go of it"" she once said  And I run from wolves, ooh Breathing heavily At my feet And I run from wolves, ooh Tearing into me Without teeth  And you can follow You can follow me and You can follow You can follow me and And you can follow You can follow me You can follow You can follow me",Of Monsters and Men
17,Empire,https://www.lyrics.com//lyric/31895729/Of+Monsters+and+Men/Empire,Feel the ocean as it breathes Shivering teeth See the mountains where they meet Smothering me  As the wind fends off the waves I count down the days Heavy stones fear no weather  I find comfort in the sound And the shape of the heart How it echoes through the chest From under the ground  As the hills turn into holes I fill them with gold Heavy stones fear no weather  From the rain comes a river Running wild that we create An empire for you Illuminate there is a river Running wild that will create  An empire for you An empire for two An empire for you An empire for two  And I paint your body black I hide in your hair And you're staring back at me Like I wasn't there  As our bodies become stills We welcome the fear Heavy stones fear no weather  From the rain comes a river Running wild that will create An empire for you Illuminate there is a river Running wild that will create  An empire for you An empire for two An empire for you An empire for two  From the rain comes a river Running wild that will create An empire for you Illuminate there is a river Running wild that will create  An empire for you An empire for two An empire for you An empire for two,Of Monsters and Men
18,Slow Life,https://www.lyrics.com//lyric/31895728/Of+Monsters+and+Men/Slow+Life,What are they talking about On the weekends Lost in the forest of this heart Is a foreign still  Why are they shaking their heads We’re stuck in slow life Is it the beating of the chest That makes us fear the rest  We’re slowly sailing away Behind closed eyes Where not a single ray of light Can puncture through the night  You caught me in the tide And I caught you Sheltered by the night Red In tooth and red in claw  You saw me In new light And I saw you Sheltered by the night Red in tooth and red In claw  Between the daylight And the deep sea Lies a swarm of silhouettes Floating aimlessly  But I’m a mountain I am a killer You’ll get lost and buried deep If you swim with me  You caught me in the tide And I caught you Sheltered by the night Red in tooth and red in claw  You saw me In new light And I saw you Sheltered by the night Red In tooth and red in claw  So look at you look at me All because we need to know So look at me look at you All because we’ll never know  So look at you look at me All because we need to know So look at me look at you All because we’ll never know,Of Monsters and Men
19,Organs,https://www.lyrics.com//lyric/31895727/Of+Monsters+and+Men/Organs,"I am sorry this is always how it goes The wind blows loudest when you've got your eyes closed But I never changed a single colour that I breathe So you could have tried to take a closer look at me I am tired of punching in the wind I am tired of letting it all in And I should eat you up and spit you right out I should not care but I don't know how  So I take off my face 'Cause it reminds me how it all went wrong And I pull out my tongue 'Cause it reminds me how it all went wrong  I am sorry for the trouble, I suppose My blood runs red but my body feels so cold I guess I could swim for days in the salty sea But in the end the waves will discolour me  So I take off my face 'Cause it reminds me how it all went wrong And I pull out my tongue 'Cause it reminds me how it all went wrong  And I cough up my lungs 'Cause they remind me how it all went wrong But I leave in my heart 'Cause I don't want to stay in the dark  So I take off my face 'Cause it reminds me how it all went wrong And I pull out my tongue 'Cause it reminds me how it all went wrong  And I cough up my lungs 'Cause they remind me how it all went wrong But I leave in my heart 'Cause I don't want to stay in the dark",Of Monsters and Men
20,Black Water,https://www.lyrics.com//lyric/31895726/Of+Monsters+and+Men/Black+Water,I need nothing To travel the sea I need nothing I need nothing But there's something Eating at me Black water Take over  Swallowed by a vicious vengeful sea oh ooh oh-oh Darker days are raining over me oh ooh oh-oh In the deepest depths I lost myself oh ooh oh-oh I see myself through someone else  The strange silence Surrounding me Grows closer Feels colder But I'm ready To suffer the sea Black water Take over  Swallowed by a vicious vengeful sea oh ooh oh-oh Darker days are raining over me oh ooh oh-oh In the deepest depths I lost myself oh ooh oh-oh I see myself through someone else  Swallowed by a vicious vengeful sea oh ooh oh-oh Darker days are raining over me oh ooh oh-oh In the deepest depths I lost myself oh ooh oh-oh I see myself through someone else  Swallowed by a vicious vengeful sea oh ooh oh-oh Darker days are raining over me oh ooh oh-oh In the deepest depths I lost myself oh ooh oh-oh See myself through someone else,Of Monsters and Men
21,Thousand Eyes,https://www.lyrics.com//lyric/31895725/Of+Monsters+and+Men/Thousand+Eyes,"Unto this storm Unto this storm Unto this storm And wait I can't control Withering wonders Flowers that lose their shape  I lie awake And watch it all It feels like thousand eyes I lie awake And watch it all It feels like thousand eyes  I'll be the calm I will be quiet Stripped to the bone I wait No, I'll be a stone I'll be the hunter Tower that casts a shade  I lie awake And watch it all It feels like thousand eyes I lie awake And watch it all It feels like thousand eyes I lie awake And watch it all It feels like thousand eyes  I am the storm I am the storm I am the storm So wait",Of Monsters and Men
22,I of the Storm,https://www.lyrics.com//lyric/31895724/Of+Monsters+and+Men/I+of+the+Storm,"If I could face them If I could make amends With all my shadows I'd bow my head And welcome them But I feel it burning Like when the winter wind Stops my breathing  Are you really going to love me When I'm gone I fear you won't I fear you don't  And it echoes when I breathe 'Till all you'll see Is my ghost Empty vessel, crooked teeth Wish you could see And they call me under And I'm shaking like a leaf And they call me under And I wither underneath In this storm  I am a stranger I am an alien Inside a structure Are you really going to love me When I'm gone With all my thoughts And all my faults I feel it biting I feel it break my skin So uninviting  Are you really going to need me When I'm gone I fear you won't I fear you don't  And it echoes when I breathe 'Till all you see is my ghost Empty vessel, crooked teeth Wish you could see And they call me under And I'm shaking like a leaf And they call me under And I wither underneath In this storm  I feel it And they call me under And I'm shaking like a leaf And they call me underneath To this storm",Of Monsters and Men
23,We Sink,https://www.lyrics.com//lyric/31895723/Of+Monsters+and+Men/We+Sink,"All those eyes on me As I sink into the open sea Color in my sheltered mind Fill the gap between you and I  We are the sleepers, we bite our tongues We set the fire and we let it burn Through the dreamers, we hear the hum They say come on, come on, let's go So come on, come on, let's go  It's warm, the skin I'm living in It creates and shapes what is within So please look away, don't look at me As we sink into the open sea  We are the sleepers, we bite our tongues We set the fire and we let it burn Through the dreamers, we hear the hum They say come on, come on, let's go  We are the sleepers, we bite our tongues We set the fire and we let it burn Through the dreamers, we hear the hum They say come on, come on, let's go So come on, come on, let's go  I know that it's a waste of time Chasing in the dark But keep me in your clouded mind 'Til time ignites a spark  I know that it's a waste of time Chasing in the dark But keep me in your clouded mind 'Til time ignites a spark  I know that it's a waste of time Chasing in the dark But keep me in your clouded mind 'Til time ignites a spark",Of Monsters and Men
24,Backyard [Bonus Track],https://www.lyrics.com//lyric/31958270/Of+Monsters+and+Men/Backyard+%5BBonus+Track%5D,"I live the life above Hold me down Hold me down I live the life of letting go Under a starlit night I wrap myself in thin sheet of ice Up there, the stars are crystal lights  Find me in the backyard Find me in the backyard In the dark Find me in the backyard Find me in the backyard  'Cause you colour me clear Now, what you, what you waitin' for? Yeah, you colour me clear Now what are you waitin' for?  See how my mountains turn From blue to black From white to gray I'm burning, the broken one The drops illuminate and evaporate into a neon lake I'm a beast and the vicious one  Find me in the backyard Find me in the backyard In the dark Find me in the backyard Find me in the backyard  'Cause you colour me clear Now, what you, what you waitin' for? Yeah, you colour me clear Now, what are you waitin' for? 'Cause you colour me clear Now, what you, what you waitin' for? Yeah, you colour me clear Now, what are you waitin' for?",Of Monsters and Men
25,Winter Sound [Bonus Track],https://www.lyrics.com//lyric/31958284/Of+Monsters+and+Men/Winter+Sound+%5BBonus+Track%5D,"Stop, you're cold against the skin You take me in your arms when walls are closing in, ooh-ooh And I run, I run, I run, awakening my heart But you overwhelm my lungs and it's tearing me apart  You and I will not be shaken By the winter sound But my voice is suffocating In the winter sound, ooh-ooh  Ah-ah-ooh-ow Ooh-ooh, ah-ah-ooh, ah-ah-ooh  Stop, I will take control Bend the metal into shapes that I know, ooh-ooh And I run, I run, I run, further than before I shake away the skin to saturate my soul  You and I will not be shaken By the winter sound But my voice is suffocating In the winter sound  You and I will not be shaken By the winter sound But my voice is suffocating In the winter sound  And you scream, you scratch, you bite, you prey on my heart And I know that you and I can never be apart, ooh-ooh  Ah-ah-ooh-ow Ooh-ooh, ah-ah-ooh, ah-ah-ooh, ah-ah-ooh  Ah-ah-ooh-ow Ooh-ooh, ah-ah-ooh, ah-ah-ooh, ah-ah-ooh, ah-ah-ooh, ah-ah-ooh, ah-ah-ooh  You and I will not be shaken By the winter sound But my voice is suffocating In the winter  You and I will not be shaken By the winter sound But my voice is suffocating In the winter sound",Of Monsters and Men
37,Backyard [*],https://www.lyrics.com//lyric/31924289/Of+Monsters+and+Men/Backyard+%5B%2A%5D,"I live the life above Hold me down Hold me down I live the life of letting go Under a starlit night I wrap myself in thin sheet of ice Up there, the stars are crystal lights  Find me in the backyard Find me in the backyard In the dark Find me in the backyard Find me in the backyard  'Cause you colour me clear Now, what you, what you waitin' for? Yeah, you colour me clear Now what are you waitin' for?  See how my mountains turn From blue to black From white to gray I'm burning, the broken one The drops illuminate and evaporate into a neon lake I'm a beast and the vicious one  Find me in the backyard Find me in the backyard In the dark Find me in the backyard Find me in the backyard  'Cause you colour me clear Now, what you, what you waitin' for? Yeah, you colour me clear Now, what are you waitin' for? 'Cause you colour me clear Now, what you, what you waitin' for? Yeah, you colour me clear Now, what are you waitin' for?",Of Monsters and Men
38,Winter Sound [*],https://www.lyrics.com//lyric/31924288/Of+Monsters+and+Men/Winter+Sound+%5B%2A%5D,"Stop, you're cold against the skin You take me in your arms when walls are closing in, ooh-ooh And I run, I run, I run, awakening my heart But you overwhelm my lungs and it's tearing me apart  You and I will not be shaken By the winter sound But my voice is suffocating In the winter sound, ooh-ooh  Ah-ah-ooh-ow Ooh-ooh, ah-ah-ooh, ah-ah-ooh  Stop, I will take control Bend the metal into shapes that I know, ooh-ooh And I run, I run, I run, further than before I shake away the skin to saturate my soul  You and I will not be shaken By the winter sound But my voice is suffocating In the winter sound  You and I will not be shaken By the winter sound But my voice is suffocating In the winter sound  And you scream, you scratch, you bite, you prey on my heart And I know that you and I can never be apart, ooh-ooh  Ah-ah-ooh-ow Ooh-ooh, ah-ah-ooh, ah-ah-ooh, ah-ah-ooh  Ah-ah-ooh-ow Ooh-ooh, ah-ah-ooh, ah-ah-ooh, ah-ah-ooh, ah-ah-ooh, ah-ah-ooh, ah-ah-ooh  You and I will not be shaken By the winter sound But my voice is suffocating In the winter  You and I will not be shaken By the winter sound But my voice is suffocating In the winter sound",Of Monsters and Men
42,Little Talks,https://www.lyrics.com//lyric/32545566/Of+Monsters+and+Men/Little+Talks,"Hey! Hey! Hey!  I don't like walking around this old and empty house So hold my hand, I'll walk with you my dear  The stairs creak as I sleep,  It's keeping me awake It's the house telling you to close your eyes  And some days I can't even dress myself It's killing me to see you this way  'Cause though the truth may vary This ship will carry our bodies safe to shore  Hey! Hey! Hey!  There's an old voice in my head  That's holding me back Well tell her that I miss our little talks  Soon it will all be over, and buried with our past We used to play outside when we were young And full of life and full of love  Some days I don't know if I am wrong or right.  Your mind is playing tricks on you my dear  'Cause though the truth may vary This ship will carry our bodies safe to shore  Hey! Don't listen to a word I say Hey! The screams all sound the same Hey!  Though the truth may vary This ship will carry our bodies safe to shore  You're gone, gone, gone away,  I watched you disappear All that's left is a ghost of you Now we're torn, torn, torn apart,  there's nothing we can do, Just let me go, we'll meet again soon  Now wait, wait, wait for me, please hang around I'll see you when I fall asleep  Hey! Don't listen to a word I say Hey! The screams all sound the same Hey!  Though the truth may vary this ship will carry our bodies safe to shore  Hey! Don't listen to a word I say Hey! The screams all sound the same Hey!  Though the truth may vary This ship will carry our bodies safe to shore   Though the truth may vary This ship will carry our bodies safe to shore  Though the truth may vary This ship will carry our bodies safe to shore",Of Monsters and Men
44,Silhouettes,https://www.lyrics.com//lyric/30141717/Of+Monsters+and+Men/Silhouettes,"It's hard letting go, I'm finally at peace, but it feels wrong, Slow I'm getting up, My hands and feet are weaker than before. And you are folded on the bed Where I rest my head, There's nothing I can see, Darkness becomes me.  But I'm already there, I'm already there, Wherever there is you, I will be there too  There's nothing that I'd take back, But it's hard to say there's nothing I regret. 'Cause when I sing, you shout, I breathe out loud, You bleed, we crawl like animals, But when it's over, I'm still awake  A thousand silhouettes dancing on my chest, No matter where I sleep, you are haunting me  But I'm already there, I'm already there. Wherever there is you, I will be there too,  But I'm already there, I'm already there. Wherever there is you, I will be there too,  'Cause I'm already there, I'm already there, Wherever there is you, I will be there too.  I'm already there, I'm already there, Wherever there is you, I will be there too.",Of Monsters and Men
49,Sinking Man,https://www.lyrics.com//lyric/29063562/Of+Monsters+and+Men/Sinking+Man,"Cold, dark sea Wrapping its arms around me, Pulling me down to the deep. All eyes on me.  I pushed you away Although I wished you could stay. So many words left unsaid, But I'm all out of breathe.  So, go, go, go, Get out of here. Go away, Get out of here.  Go, go, Get out of here. Go away, Get out of here.  Cold, dark sea, Your waves are rocking me. I close my eyes and fall asleep. All eyes on me, Your eyes on me.",Of Monsters and Men
50,Sinking Man [The Walking Dead Soundtrack],https://www.lyrics.com//lyric/29105839/Of+Monsters+and+Men/Sinking+Man+%5BThe+Walking+Dead+Soundtrack%5D,"Cold, dark sea Wrapping its arms around me, Pulling me down to the deep. All eyes on me.  I pushed you away Although I wished you could stay. So many words left unsaid, But I'm all out of breathe.  So, go, go, go, Get out of here. Go away, Get out of here.  Go, go, Get out of here. Go away, Get out of here.  Cold, dark sea, Your waves are rocking me. I close my eyes and fall asleep. All eyes on me, Your eyes on me.",Of Monsters and Men
56,Little Talks [Passion Pit Remix],https://www.lyrics.com//lyric/27926221/Of+Monsters+and+Men/Little+Talks+%5BPassion+Pit+Remix%5D,"Hey! Hey! Hey!  I don't like walking around this old and empty house So hold my hand, I'll walk with you my dear  The stairs creak as I sleep,  It's keeping me awake It's the house telling you to close your eyes  And some days I can't even dress myself It's killing me to see you this way  'Cause though the truth may vary This ship will carry our bodies safe to shore  Hey! Hey! Hey!  There's an old voice in my head  That's holding me back Well tell her that I miss our little talks  Soon it will all be over, and buried with our past We used to play outside when we were young And full of life and full of love  Some days I don't know if I am wrong or right.  Your mind is playing tricks on you my dear  'Cause though the truth may vary This ship will carry our bodies safe to shore  Hey! Don't listen to a word I say Hey! The screams all sound the same Hey!  Though the truth may vary This ship will carry our bodies safe to shore  You're gone, gone, gone away,  I watched you disappear All that's left is a ghost of you Now we're torn, torn, torn apart,  there's nothing we can do, Just let me go, we'll meet again soon  Now wait, wait, wait for me, please hang around I'll see you when I fall asleep  Hey! Don't listen to a word I say Hey! The screams all sound the same Hey!  Though the truth may vary this ship will carry our bodies safe to shore  Hey! Don't listen to a word I say Hey! The screams all sound the same Hey!  Though the truth may vary This ship will carry our bodies safe to shore   Though the truth may vary This ship will carry our bodies safe to shore  Though the truth may vary This ship will carry our bodies safe to shore",Of Monsters and Men
58,Dirty Paws,https://www.lyrics.com//lyric/26025366/Of+Monsters+and+Men/Dirty+Paws,"Jumping up and down the floor My head is an animal And once there was an animal It had a son that mowed the lawn The son was an OK guy They had a pet dragonfly The dragonfly it ran away But it came back with a story to say  Her dirty paws and furry coat She ran down the forest slope The forest of talking trees They used to sing about the birds and the bees The bees had declared a war The sky wasn't big enough for them all The birds, they got help from below From dirty paws and the creatures of snow  So for a while things were cold They were scared down in their holes The forest that once was green Was colored black by those killing machines But she and her furry friends Took down the queen bee and her men And that's how the story goes The story of the beast with those four dirty paws",Of Monsters and Men
59,King and Lionheart,https://www.lyrics.com//lyric/26025365/Of+Monsters+and+Men/King+and+Lionheart,"Taking over this town, they should worry, But these problems aside I think I taught you well. That we won't run, and we won't run, and we won't run.  And in the winter night sky ships are sailing, Looking down on these bright blue city lights. And they won't wait, and they won't wait, and they won't wait. We're here to stay, we're here to stay, we're here to stay.  Howling ghost they reappear In mountains that are stacked with fear But you're a king and I'm a lion-heart. A lion-heart.  His crown lid up the way as we moved slowly Pass the wondering eyes of the ones that were left behind. Though far away, though far away, though far away We're still the same, we're still the same, we're still the same.  Howling ghost they reappear In mountains that are stacked with fear But you're a king and I'm a lion-heart. And in the sea that's painted black, Creatures lurk below the deck But you're a king and I'm a lion-heart. And as the world comes to an end I'll be here to hold your hand 'Cause you're my king and I'm your lion-heart. A lion-heart, a lion-heart, a lion-heart, a lion-heart A lion-heart, a lion-heart, a lion-heart, a lion-heart  Howling ghost they reappear In mountains that are stacked with fear But you're a king and I'm a lion-heart. And in the sea that's painted black, Creatures lurk below the deck But you're a king and I'm a lion-heart. A lion-heart, a lion-heart, a lion-heart, a lion-heart A lion-heart, a lion-heart, a lion-heart, a lion-heart",Of Monsters and Men
60,Mountain Sound,https://www.lyrics.com//lyric/26025791/Of+Monsters+and+Men/Mountain+Sound,"I heard them calling in the distance So I packed my things and ran Far away from all the trouble I had caused with my two hands Alone we traveled on with nothing but a shadow We fled far away  Hold your horses now (We sleep until the sun goes down) Through the woods we ran (Deep into the mountain sound) Hold your horses now (We sleep until the sun goes down) Through the woods we ran  Some hid scars and some hid scratches It made me wonder about their past And as I looked around, I began to notice That we were nothing like the rest  Hold your horses now (We sleep until the sun goes down) Through the woods we ran (Deep into the mountain sound) Hold your horses now (We sleep until the sun goes down) Through the woods we ran  Whoa, We sleep until the sun goes down Whoa, We sleep until the sun goes down  Whoa, We sleep until the sun goes down  Hold your horses now (We sleep until the sun goes down) Through the woods we ran (Deep into the mountain sound) Hold your horses now (We sleep until the sun goes down) Through the woods we ran  Hold your horses now (We sleep until the sun goes down) Through the woods we ran (Deep into the mountain sound) Hold your horses now (We sleep until the sun goes down) Through the woods we ran  La la la, whoa, la la la We sleep until the sun goes down La la la, whoa whoa, la la la We sleep until the sun goes",Of Monsters and Men
61,Slow and Steady,https://www.lyrics.com//lyric/26025363/Of+Monsters+and+Men/Slow+and+Steady,"The lights go out, I am all alone All the trees outside are buried in the snow I spend my night dancing with my own shadow And it holds me and it never lets me go  I move slow and steady But I feel like a waterfall Yeah, I move slow and steady Past the ones that I used to know  My dear old friend, take me for a spin Two wolves in the dark, running in the wind I'm letting go, but I've never felt better Passing by all the monsters in my head  I move slow and steady But I feel like a waterfall Yeah, I move slow and steady Past the ones that I used to know  And I'm never ready 'Cause I know, I know, I know That time won't let me Show what I want to show  I move slow and steady But I feel like a waterfall Yeah, I move slow and steady Past the ones that I used to know  And I'm never ready 'Cause I know, I know, I know That time won't let me Show what I want to show",Of Monsters and Men
62,From Finner,https://www.lyrics.com//lyric/26025362/Of+Monsters+and+Men/From+Finner,"We came here on his back And we caught your eye The salty ocean wind Made the seagulls cry The rocking of his house Had me holding on But I knew that I was safe From there on out  And the waves that hit his face Marked the past And the the farrows on his skin Oh, how time goes fast  And we are far from home, but we're so happy Far from home, all alone, but we're so happy  After every sunny day Came a stormy night That's when Finner would say Keep your heads held high  And we are far from home, but we're so happy Far from home, all alone, but we're so happy  And we are far from home, but we're so happy Far from home, all alone, but we're so happy",Of Monsters and Men
64,Six Weeks,https://www.lyrics.com//lyric/26025360/Of+Monsters+and+Men/Six+Weeks,"Slow, slow me down, Her blood, on my bones. Let go, lay to rest. We fall, we fall, we fall, We fall to the ground.  Sleep, sleep all night, While the young, they wait alone. So get up, shake the rust. We crawl, we crawl, we crawl, We crawl on the ground.  Alone, I fight these animals. Alone, until I get home.  A wolf, wolf and I, We share the same cold meal. I float on, float on down. We ride, we ride, we ride We ride it all out.  We ride, we ride, we ride We ride it all We ride, we ride, we ride We ride it all We ride, we ride, we ride We ride it all out.  Alone, I fight these animals. Alone, until I get home.  Alone, I fight these animals. Alone, until I get home.  Alone, I fight these animals. Alone, until I get home.  Alone, I fight these animals. Alone, until I get home.  Coming back, I'm coming back. Coming back, I'm coming back. She follows me into the woods, Takes me home. She follows me into the woods, Takes me home.  Coming back, I'm coming back. Coming back, I'm coming back. She follows me into the woods, Takes me home.  Coming back, I'm coming back. Coming back, I'm coming back. She follows me into the woods, Takes me home.",Of Monsters and Men
65,Love Love Love,https://www.lyrics.com//lyric/26025359/Of+Monsters+and+Men/Love+Love+Love,"Well, maybe I'm a crook for stealing your heart away Yeah, maybe I'm a crook for not caring for it Yeah, maybe I'm a bad, bad, bad, bad person Well, baby, I know  And these fingertips Will never run through your skin And those bright blue eyes Can only meet mine across the room filled with people that are less important than you  All 'cause you love, love, love When you know I can't love You love, love, love When you know I can't love You love, love, love When you know I can't love you  So I think it's best we both forget before we dwell on it The way you held me so tight All through the night 'Til it was near morning  'Cause you love, love, love When you know I can't love You love, love, love When you know I can't love You love, love, love When you know I can't love you  All 'cause you love, love, love When you know I can't love You love, love, love When you know I can't love You love, love, love When you know I can't love you",Of Monsters and Men
66,Your Bones,https://www.lyrics.com//lyric/26025358/Of+Monsters+and+Men/Your+Bones,"In the spring we made a boat Out of feathers, out of bones. We set fire to our homes, Walking barefoot in the snow.  Distant rhythm of the drum As we drifted towards the storm. Baby lion lost his teeth, Now they're swimming in the sea.  Troubled spirits on my chest Where they laid to rest. The birds all left my tall friend As your body hit the sand. Million stars up in the sky Formed a tigers eye That looked down on my face, Out of time and out of place.  So hold on, Hold on to what we are, Hold on to your heart.  Awaken by the sound Of a screaming owl. Chasing leafs in the wind, Going where we've never been.  Said goodbye to you my friend, As the fire spread. All that's left are your bones That will soon sink like stones  So hold on, Hold on to what we are, Hold on to your heart.  So hold on, Hold on  to your heart.",Of Monsters and Men
67,Sloom,https://www.lyrics.com//lyric/26025357/Of+Monsters+and+Men/Sloom,"The sea said goodbye to the shore so the sun wouldn't notice The seaweed that wrapped its arms around you  The carpet on my cheek feels like the fall grass And I run through the tall trees with your hands chasing me  The books that I keep by my bags are full of your stories That I drew up from a little dream of mine, a little nightmare of yours  To be asked to take this plunge, to forgive and forget And be the better man, to be a better man, to be a better man  So love me mother, and love me father, and love my sister as well  The cat's silhouette, as big as a monster, In this concrete jungle, with street lights hanging their heads  So make all your last demands for I will forsake you And I'll meet your eyes for the very first time, for the very last  So love me mother, and love me father, and love my sister as well So love me mother, and love me father, and love my brother as well So love me mother, and love me father, and love my sister as well So love me mother, and love me father, and love my brother as well  I met a man today and he smiled back at me Now there are thoughts like these that keep me on my feet, That keep me on my feet.",Of Monsters and Men
68,Lakehouse,https://www.lyrics.com//lyric/26025356/Of+Monsters+and+Men/Lakehouse,"Oh I miss the comfort of this house. Where we are where we are. Where we are where we are The floor under our feet whispers out Come on in come on in, where it all begins.  Can you chase the fire away Can you chase the fire away  We climbed up to the top in worn out shoes But she ran down she ran down. She ran down to the house. A fox that gains our trust, but then breaks it as he walks Away form us, away from us.  Can you chase the fire away Can you chase the fire away  In the fall, we sleep all day In the fall, we sleep all day We sleep all day We sleep all day We sleep all day  Can you chase the fire away Can you chase the fire away  In the fall, we sleep all day In the fall, we sleep all day",Of Monsters and Men
69,Yellow Light,https://www.lyrics.com//lyric/26025355/Of+Monsters+and+Men/Yellow+Light,I'm looking for a place to start And everything feels so different now. Just grab a hold of my hand I will lead you through this wonderland. Water up to my knees But sharks are swimming in the sea. Just follow my yellow light And ignore all those big warning signs.  Somewhere deep in the dark A howling beast hears us talk. I dare you to close your eyes And see all the colors in disguise. Running into the night The earth is shaking and I see a light. The light is blinding my eyes As the soft walls eat us alive.,Of Monsters and Men
93,Destroyer,https://www.lyrics.com//lyric/38285607/Of+Monsters+and+Men/Destroyer,"I want to be the king of my body and mind Gravity let me go Before it bruises and blackens me and you Bury me in the glow  And I find sorrow in idle mind And solace in being heard  You better run boy, run, but be afraid Cry boy, cry  Don't play the game Gravity holds me down  And it's taking over I call everywhere, oh I cry out  You are my destroyer I call everywhere, oh I cry out  A light shines through a cloud of color fumes Gravity let me go So I can feel the warmth of the sun Bury me in the glow  You better run boy, run, but be afraid Cry boy, cry  Don't play the game Gravity holds me down  And it's taking over I call everywhere, oh I cry out  You are my destroyer I call everywhere, oh I cry out  And it's taking over I call everywhere, oh I cry out  You are my destroyer I call everywhere, oh I cry out",Of Monsters and Men
98,Waiting For The Snow,https://www.lyrics.com//lyric/36411393/Of+Monsters+and+Men/Waiting+For+The+Snow,"I'm waiting for the snow I'm waiting for vision So I can feel brighter I can feel lighter  I used to make mountains But then they grew bigger than me I thought that I'd climb my way up high But what if I tumble?  If I said too much, did I love too hard? This steel can't carry me, now that things are wrong  I used to make mountains But then they grew bigger than me And I used to hunger So what can you offer me (What can you offer me) What can you offer me When you are all symphony What can you offer me  If I said too much, did I love too hard? This steel can't carry me, now that things are wrong If I said too much, did I love too hard? This steel can't carry me, now that things are wrong (So what can you offer me?) Now, what can you offer me? (So what can you offer?) Now, what can you offer me? (Wherever you are) This steel can't carry me (Wherever you are) And you can't carry me, carry me",Of Monsters and Men
99,Stuck In Gravity,https://www.lyrics.com//lyric/36418844/Of+Monsters+and+Men/Stuck+In+Gravity,"I'm stuck in gravity I'm far from where I wanna be I'm like a raindrop in the ocean I get lost in my delusional reality  I don't know up from down Or when my feet are on the ground I've been around for thirty years It's kinda hard to think about your own mortality  And this high, high love That you give to me Is all I'm missing It's all I'm missing Yeah, this high, high love That you give to me Is dripping down my hands like honey It's all I'm missing  I'm stuck in gravity I'm clawing for some bravery Try to be still in a moment And I'm hoping for a never ending odyssey  I don't know high from low Or when I should be letting go It's like I'm anchored to the floor And I need more, I need stars like the colony  And this high, high love That you give to me Is all I'm missing It's all I'm missing Yeah, this high, high love That you give to me Is dripping down my hands like honey It's all I'm missing  You give me something good Just give me something good  Staring out the window Looking at the rainfall Hoping for a starlight Head is still an animal Staring out the window Looking at the rainfall Hoping for a starlight Head is still an animal Staring out the window Looking at the rainfall Hoping for a starlight Head is still an animal Staring out the window Looking at the rainfall Hoping for a starlight Head is still an animal Head is still an animal",Of Monsters and Men
101,Sugar in a Bowl,https://www.lyrics.com//lyric-lf/6620507/Of+Monsters+and+Men/Sugar+in+a+Bowl,"I found a fire in your shadow I know you are born to be wild In your years you've been alone too Hidin' from the monsters in your head  Sugar in a bowl On your coffee table Animals that sleep on your dining room floor In your house You are just waiting for time to pass by One second at a time  Freckles are gone and now your face is Dry as the walls surrounding you Coffee keeps you up for hours TV tucks you in at night  A picture on the wall Of a friend you used to know The smell of the coffee sitting on the stove All alone You are just waiting for time to pass by One second at a time  Sugar in a bowl on your coffee table Animals that sleep on your dining room floor, in your house You are just waiting for time to pass by One second at a time At a time",Of Monsters and Men
103,Phantom,https://www.lyrics.com//lyric-lf/6620508/Of+Monsters+and+Men/Phantom,"All this time wasted and all this time gone You are still waiting on me Every time you leave the house, remember you're not safe But you are hardly ever  And all those times that I could swear I heard you speak You spoke in such low voice Of how if you could choose you would choose not to feel 'Cause you are hardly ever happy  Sometimes I find myself standing in those stairs With eyes so blank and unsure Realizing this is not where I want to be And not where I want to go  And I don't mean to somehow always disagree But I feel that you do not see In order to love, you have to be all you can be And mostly you have to love yourself  Oh, with all this time wasted and all this time gone You are still waiting on me Oh, but if I could choose I would choose not to feel 'Cause I am hardly ever happy  I am hardly ever happy",Of Monsters and Men
116,Under A Dome,https://www.lyrics.com//lyric/36411387/Of+Monsters+and+Men/Under+A+Dome,"Under a dome While we wait for it We feel all of it Wait Looking back on it  Under a dome Where I met you first F*ck the way we were Wait Watch the color burst  Under a dome (under a dome) In a foreign place Heard you call my name Stay Watch the tide roll in  Under a dome (under a dome) Where I met you first F*ck the way we were Wait Watch the color burst  I'm taking over my own throne I'm holding my heart and it's overgrown I'm kicking out, I'm full of life So why should I cry over northern lights And it's over now and I'm falling (and I'm falling) And I'm falling (and I'm falling) (And I'm falling) So f*ck all the times that I've fallen (And I'm falling) Creature, you're part of this loving game But it's over now and I'm falling (And I'm falling) (And I'm falling)",Of Monsters and Men
129,Circles,https://www.lyrics.com//lyric/37018999/Of+Monsters+and+Men/Circles,"Oh, oh, oh Oh, oh, oh Oh, oh, oh Oh, oh  We couldn't turn around 'Til we were upside down I'll be the bad guy now But no, I ain't too proud I couldn't be there Even when I try You don't believe it We do this every time  Seasons change and our love went cold Feed the flame 'cause we can't let go Run away, but we're running in circles Run away, run away I dare you to do something I'm waiting on you again So I don't take the blame Run away, but we're running in circles Run away, run away, run away  Let go I got a feeling that it's time to let go I say so I knew that this was doomed from the get go You thought that it was special, special But it was just the sex though, the sex though And I still hear the echoes (the echoes) I got a feeling that it's time to let it go Let it go  Seasons change and our love went cold Feed the flame 'cause we can't let go Run away, but we're running in circles Run away, run away I dare you to do something I'm waiting on you again So I don't take the blame Run away, but we're running in circles Run away, run away, run away  Maybe you don't understand what I'm going through It's only me, what you got to lose? Make up your mind, tell me, what are you gonna do? It's only me, let it go  Seasons change and our love went cold Feed the flame 'cause we can't let go Run away, but we're running in circles Run away, run away I dare you to do something I'm waiting on you again So I don't take the blame Run away, but we're running in circles Run away, run away, run away",Of Monsters and Men
132,Visitor,https://www.lyrics.com//lyric/37512666/Of+Monsters+and+Men/Visitor,"Let's not make this Complicated I know you Last night I had the Strangest dream That you knew me, too  But you need to wake up I can't have you disappear Just like my parents house I've become, a visitor  In the night you say That you go underwater You won't take me, no You won't drown with your lover  You told me that I wasn't available I guess I wasn't, I wasn't capable I want to do better this time But I guess you're better in the back of my mind  Oh you need to wake up I can't have you disappear Just like my parents house I've become, a visitor  My mother said I was always afraid of the dark But I'm not, I don't mind Having a ghost in my bed  My mother said I was always afraid of the dark But I'm not, I don't mind Having a ghost in my bed  (This time your door is open)  My mother said I was always afraid of the dark But I'm not, I don't mind Having a ghost in my bed  (This time your door is open)  My mother said I was always afraid of the dark But I'm not, I don't mind Having a ghost in my bed  (This time your door is open)  My mother said I was always afraid of the dark But I'm not, I don't mind Having a ghost in my bed  (This time your door is open)  My mother said I was always afraid of the dark But I'm not, I don't mind Having a ghost in my bed",Of Monsters and Men
138,Numb Bears,https://www.lyrics.com//lyric/39314659/Of+Monsters+and+Men/Numb+Bears,"Fishing for a friend  - can't remember when  - it was dark, or the sun coming up Far across the ocean alone while numb bears at home said I could never get there Never get there  Breaking little twigs with my feet And underneath is a road that's so steep Far across the ocean alone while numb bears at home said I could never get there But I'm already there",Of Monsters and Men
